{"cameraMode":{"drawMode":0,"name":"Shaded","section":"Shading Mode"},"sceneLighting":true,"audioPlay":false,"sceneViewState":{"showFog":true,"showMaterialUpdate":false,"showSkybox":true,"showFlares":true,"showImageEffects":true,"showParticleSystems":true,"showVisualEffectGraphs":true,"m_FxEnabled":true},"in2DMode":false,"pivot":{"x":5.288968563079834,"y":-1.0608110427856446,"z":-3.6555252075195314},"rotation":{"x":-0.007345864549279213,"y":0.9562668800354004,"z":-0.2914232313632965,"w":-0.024101881310343744},"size":6.0073957443237309,"orthographic":false}